Tracey,Tillford,Tracey.Tillford@icanschool.com,UX,2019,Lille
Claresta,Lanita,Claresta.Lanita@icanschool.com,UX,2019,Lille
Addia,Hepsibah,Addia.Hepsibah@icanschool.com,UX,2019,Bordeaux
Nickie,Greyson,Nickie.Greyson@icanschool.com,UX,2019,Lille
Jenda,Magdalen,Jenda.Magdalen@icanschool.com,UX,2019,Lille
Nessie,Ulphia,Nessie.Ulphia@icanschool.com,UX,2019,Lyon
Ruthe,Wilkinson,Ruthe.Wilkinson@icanschool.com,UX,2019,Lille
Bobinette,Diogenes,Bobinette.Diogenes@icanschool.com,UX,2019,Lille
Carmela,Clywd,Carmela.Clywd@icanschool.com,UX,2019,Lyon
Jerry,Sabella,Jerry.Sabella@icanschool.com,UX,2019,Paris
Ekaterina,Peti,Ekaterina.Peti@icanschool.com,UX,2019,Bordeaux
Bettine,Lindemann,Bettine.Lindemann@icanschool.com,UX,2019,Paris
Kristina,Blake,Kristina.Blake@icanschool.com,UX,2019,Lille
Ketti,O'Rourke,Ketti.O'Rourke@icanschool.com,UX,2019,Paris
Annabela,Henrie,Annabela.Henrie@icanschool.com,UX,2019,Paris
Julieta,Shaver,Julieta.Shaver@icanschool.com,UX,2019,Paris
Edyth,Malina,Edyth.Malina@icanschool.com,UX,2019,Lille
Cissiee,Darbie,Cissiee.Darbie@icanschool.com,UX,2019,Paris
Inga,Federica,Inga.Federica@icanschool.com,UX,2019,Bordeaux
Grier,Bethany,Grier.Bethany@icanschool.com,UX,2019,Paris
Danny,Remmer,Danny.Remmer@icanschool.com,UX,2019,Bordeaux
Johna,Munn,Johna.Munn@icanschool.com,UX,2019,Lyon
